{"cameraMode":{"drawMode":0,"name":"Shaded","section":"Shading Mode"},"sceneLighting":false,"audioPlay":false,"sceneViewState":{"showFog":true,"showMaterialUpdate":true,"showSkybox":false,"showFlares":true,"showImageEffects":false,"showParticleSystems":true},"in2DMode":false,"pivot":{"x":-1.4886773824691773,"y":1.0363162755966187,"z":5.71060037612915},"rotation":{"x":-0.03679120913147926,"y":0.48145267367362978,"z":0.020232945680618287,"w":0.8754664659500122},"size":0.47819793224334719,"orthographic":false}