{"cameraMode":{"drawMode":0,"name":"Shaded","section":"Shading Mode"},"sceneLighting":true,"audioPlay":false,"sceneViewState":{"showFog":true,"showMaterialUpdate":true,"showSkybox":true,"showFlares":true,"showImageEffects":false,"showParticleSystems":true},"in2DMode":false,"pivot":{"x":-12.428106307983399,"y":4.164913177490234,"z":1.415771484375},"rotation":{"x":-0.331093430519104,"y":-0.08813625574111939,"z":0.031081167981028558,"w":-0.93897545337677},"size":9.474499702453614,"orthographic":false}