{"cameraMode":{"drawMode":0,"name":"Shaded","section":"Shading Mode"},"sceneLighting":false,"audioPlay":false,"sceneViewState":{"showFog":true,"showMaterialUpdate":true,"showSkybox":false,"showFlares":true,"showImageEffects":false,"showParticleSystems":true},"in2DMode":false,"pivot":{"x":-0.008897407911717892,"y":0.9479324221611023,"z":0.7442743182182312},"rotation":{"x":0.05875161662697792,"y":-0.7626690864562988,"z":0.06997951865196228,"w":0.6403021216392517},"size":0.7911502718925476,"orthographic":false}