{"cameraMode":{"drawMode":0,"name":"Shaded","section":"Shading Mode"},"sceneLighting":true,"audioPlay":false,"sceneViewState":{"showFog":true,"showMaterialUpdate":true,"showSkybox":false,"showFlares":true,"showImageEffects":true,"showParticleSystems":true},"in2DMode":false,"pivot":{"x":-7.499995231628418,"y":1.1484354734420777,"z":-3.8999998569488527},"rotation":{"x":-0.1591416448354721,"y":0.17142879962921143,"z":-0.02807091362774372,"w":-0.9718553423881531},"size":3.3697731494903566,"orthographic":false}